FNC_EV_ID,FNC_EV_AC_ID,FNC_EV_AMT
1,201987502675213,469.66
2,201987502675213,431.55
3,3577150091333880,326.60
4,201987502675213,821.82
5,201987502675213,156.29
6,3577150091333880,688.50
7,3577150091333880,652.99
8,3577150091333880,421.45
9,201987502675213,467.99
10,3577150091333880,617.54
11,201987502675213,166.10
12,201987502675213,584.52
13,3577150091333880,703.56
14,201987502675213,988.81
15,201987502675213,416.48
16,201987502675213,602.55
17,201987502675213,591.02
18,201987502675213,140.97
19,201987502675213,768.61
20,201987502675213,431.16
21,3577150091333880,312.90
22,201987502675213,201.12
23,201987502675213,787.56
24,201987502675213,336.37
25,3577150091333880,699.25
26,201987502675213,528.01
27,3577150091333880,528.89
28,201987502675213,575.10
29,3577150091333880,157.26
30,201987502675213,683.33
31,3577150091333880,329.01
32,3577150091333880,312.66
33,3577150091333880,553.68
34,201987502675213,951.79
35,3577150091333880,794.42
36,3577150091333880,377.59
37,201987502675213,359.68
38,201987502675213,576.87
39,3577150091333880,889.34
40,3577150091333880,560.64
41,201987502675213,593.49
42,201987502675213,946.58
43,201987502675213,991.09
44,201987502675213,644.10
45,201987502675213,859.72
46,201987502675213,332.49
47,3577150091333880,302.68
48,201987502675213,871.22
49,201987502675213,728.09
50,3577150091333880,342.32
51,3577150091333880,437.38
52,3577150091333880,146.50
53,3577150091333880,949.66
54,201987502675213,291.23
55,3577150091333880,996.02
56,201987502675213,196.58
57,201987502675213,916.84
58,201987502675213,526.69
59,3577150091333880,203.77
60,201987502675213,942.79
61,201987502675213,510.75
62,3577150091333880,165.15
63,3577150091333880,562.83
64,3577150091333880,807.74
65,3577150091333880,835.90
66,201987502675213,390.21
67,3577150091333880,415.21
68,3577150091333880,599.01
69,3577150091333880,652.90
70,201987502675213,893.48
71,3577150091333880,450.90
72,201987502675213,917.66
73,3577150091333880,244.00
74,3577150091333880,635.53
75,3577150091333880,120.13
76,201987502675213,473.18
77,201987502675213,846.06
78,3577150091333880,452.04
79,201987502675213,366.21
80,201987502675213,143.72
81,201987502675213,966.17
82,201987502675213,186.87
83,3577150091333880,200.83
84,201987502675213,820.57
85,201987502675213,131.28
86,201987502675213,544.59
87,3577150091333880,172.50
88,3577150091333880,736.47
89,201987502675213,977.80
90,3577150091333880,474.63
91,201987502675213,101.23
92,201987502675213,891.96
93,201987502675213,763.51
94,201987502675213,961.64
95,3577150091333880,133.68
96,3577150091333880,578.95
97,3577150091333880,227.64
98,3577150091333880,104.51
99,201987502675213,892.72
100,201987502675213,371.75
101,3577150091333880,970.10
102,3577150091333880,315.76
103,201987502675213,181.45
104,3577150091333880,106.19
105,201987502675213,530.50
106,3577150091333880,210.79
107,3577150091333880,923.50
108,201987502675213,744.81
109,201987502675213,776.08
110,201987502675213,348.37
111,201987502675213,822.94
112,3577150091333880,404.07
113,3577150091333880,724.35
114,201987502675213,911.98
115,201987502675213,146.47
116,3577150091333880,988.48
117,3577150091333880,243.41
118,201987502675213,123.52
119,201987502675213,280.99
120,3577150091333880,794.86
121,201987502675213,814.25
122,3577150091333880,114.06
123,201987502675213,710.06
124,3577150091333880,358.20
125,3577150091333880,990.14
126,3577150091333880,337.79
127,201987502675213,578.05
128,201987502675213,600.89
129,3577150091333880,275.24
130,201987502675213,340.08
131,3577150091333880,452.75
132,201987502675213,977.88
133,3577150091333880,206.44
134,3577150091333880,443.47
135,201987502675213,549.78
136,3577150091333880,198.03
137,3577150091333880,482.24
138,3577150091333880,268.03
139,201987502675213,830.88
140,201987502675213,528.36
141,3577150091333880,695.11
142,3577150091333880,927.87
143,201987502675213,340.77
144,201987502675213,554.79
145,201987502675213,622.89
146,201987502675213,843.24
147,3577150091333880,276.76
148,3577150091333880,171.19
149,201987502675213,691.51
150,3577150091333880,738.59
151,201987502675213,605.98
152,201987502675213,918.00
153,3577150091333880,498.51
154,3577150091333880,491.27
155,3577150091333880,884.12
156,3577150091333880,148.25
157,3577150091333880,542.05
158,201987502675213,764.98
159,3577150091333880,750.76
160,201987502675213,258.32
161,201987502675213,823.07
162,201987502675213,876.67
163,3577150091333880,626.43
164,3577150091333880,145.73
165,201987502675213,512.44
166,3577150091333880,525.57
167,201987502675213,806.05
168,3577150091333880,936.72
169,3577150091333880,959.09
170,3577150091333880,839.62
171,201987502675213,407.83
172,3577150091333880,688.21
173,3577150091333880,928.96
174,201987502675213,187.74
175,201987502675213,991.25
176,201987502675213,871.27
177,3577150091333880,925.96
178,201987502675213,601.33
179,3577150091333880,560.41
180,201987502675213,737.20
181,201987502675213,621.28
182,3577150091333880,408.58
183,3577150091333880,267.16
184,201987502675213,906.61
185,3577150091333880,560.96
186,3577150091333880,803.42
187,3577150091333880,936.02
188,3577150091333880,799.89
189,201987502675213,444.37
190,201987502675213,403.26
191,3577150091333880,253.52
192,201987502675213,281.00
193,3577150091333880,908.66
194,3577150091333880,494.72
195,201987502675213,504.74
196,3577150091333880,719.08
197,201987502675213,763.64
198,201987502675213,729.26
199,201987502675213,580.93
200,3577150091333880,952.08
201,201987502675213,785.22
202,201987502675213,641.84
203,201987502675213,853.80
204,201987502675213,184.29
205,3577150091333880,750.96
206,3577150091333880,917.70
207,3577150091333880,700.72
208,201987502675213,589.07
209,3577150091333880,928.05
210,3577150091333880,895.72
211,201987502675213,650.40
212,201987502675213,715.97
213,201987502675213,965.06
214,201987502675213,385.51
215,3577150091333880,948.66
216,201987502675213,461.03
217,3577150091333880,656.40
218,3577150091333880,556.27
219,201987502675213,709.81
220,201987502675213,482.81
221,3577150091333880,280.40
222,201987502675213,689.15
223,201987502675213,244.41
224,201987502675213,712.58
225,3577150091333880,504.80
226,201987502675213,721.38
227,201987502675213,795.36
228,201987502675213,664.48
229,201987502675213,815.39
230,3577150091333880,561.26
231,3577150091333880,898.31
232,201987502675213,299.55
233,201987502675213,839.09
234,201987502675213,879.92
235,201987502675213,214.25
236,201987502675213,893.64
237,3577150091333880,899.47
238,3577150091333880,964.28
239,3577150091333880,737.03
240,3577150091333880,440.83
241,201987502675213,147.52
242,201987502675213,660.28
243,3577150091333880,797.86
244,201987502675213,429.10
245,201987502675213,680.80
246,201987502675213,844.12
247,3577150091333880,432.21
248,201987502675213,376.95
249,3577150091333880,330.09
250,201987502675213,703.50
251,201987502675213,300.95
252,3577150091333880,885.46
253,201987502675213,533.19
254,3577150091333880,183.08
255,201987502675213,705.51
256,3577150091333880,877.32
257,3577150091333880,537.85
258,3577150091333880,298.53
259,3577150091333880,637.79
260,3577150091333880,875.16
261,3577150091333880,297.30
262,3577150091333880,614.31
263,201987502675213,686.59
264,3577150091333880,107.58
265,201987502675213,191.40
266,201987502675213,440.27
267,201987502675213,300.02
268,3577150091333880,430.93
269,3577150091333880,912.07
270,201987502675213,691.42
271,3577150091333880,504.18
272,3577150091333880,583.94
273,3577150091333880,287.50
274,3577150091333880,270.63
275,3577150091333880,887.33
276,3577150091333880,908.77
277,201987502675213,394.22
278,3577150091333880,592.26
279,3577150091333880,647.11
280,3577150091333880,961.14
281,201987502675213,757.97
282,201987502675213,812.24
283,3577150091333880,930.77
284,3577150091333880,448.91
285,3577150091333880,812.73
286,3577150091333880,652.46
287,3577150091333880,428.13
288,201987502675213,348.02
289,201987502675213,307.13
290,3577150091333880,614.81
291,3577150091333880,559.86
292,201987502675213,206.83
293,3577150091333880,793.85
294,201987502675213,577.80
295,201987502675213,906.70
296,3577150091333880,770.48
297,3577150091333880,467.73
298,3577150091333880,526.67
299,201987502675213,955.63
300,3577150091333880,847.80
301,3577150091333880,182.01
302,3577150091333880,740.20
303,3577150091333880,629.67
304,201987502675213,806.75
305,3577150091333880,452.16
306,201987502675213,829.00
307,3577150091333880,765.67
308,3577150091333880,244.37
309,3577150091333880,605.63
310,201987502675213,193.99
311,201987502675213,195.22
312,3577150091333880,924.72
313,3577150091333880,756.39
314,201987502675213,403.79
315,201987502675213,933.27
316,3577150091333880,569.13
317,201987502675213,818.97
318,3577150091333880,385.13
319,3577150091333880,977.99
320,201987502675213,458.55
321,3577150091333880,726.07
322,3577150091333880,521.38
323,201987502675213,930.63
324,3577150091333880,118.04
325,201987502675213,463.96
326,201987502675213,292.88
327,201987502675213,109.30
328,201987502675213,104.45
329,201987502675213,851.97
330,3577150091333880,562.67
331,3577150091333880,248.64
332,3577150091333880,797.32
333,201987502675213,680.90
334,201987502675213,952.67
335,201987502675213,129.95
336,201987502675213,108.56
337,201987502675213,587.15
338,3577150091333880,780.48
339,201987502675213,298.20
340,201987502675213,708.12
341,201987502675213,868.60
342,201987502675213,453.35
343,201987502675213,380.38
344,3577150091333880,704.56
345,201987502675213,169.29
346,3577150091333880,461.07
347,3577150091333880,750.72
348,201987502675213,650.07
349,201987502675213,431.40
350,201987502675213,884.78
351,3577150091333880,313.09
352,201987502675213,589.53
353,201987502675213,751.07
354,201987502675213,260.17
355,3577150091333880,588.14
356,201987502675213,213.18
357,201987502675213,401.94
358,3577150091333880,374.80
359,201987502675213,417.75
360,3577150091333880,318.73
361,3577150091333880,520.18
362,3577150091333880,747.21
363,3577150091333880,603.29
364,3577150091333880,760.79
365,201987502675213,447.18
366,201987502675213,415.75
367,3577150091333880,248.87
368,3577150091333880,260.71
369,201987502675213,410.39
370,3577150091333880,628.12
371,201987502675213,579.44
372,201987502675213,696.89
373,3577150091333880,201.97
374,201987502675213,504.60
375,3577150091333880,388.32
376,201987502675213,683.33
377,201987502675213,483.12
378,201987502675213,492.06
379,201987502675213,823.56
380,3577150091333880,520.54
381,3577150091333880,437.71
382,3577150091333880,120.95
383,3577150091333880,371.15
384,3577150091333880,817.22
385,3577150091333880,863.82
386,3577150091333880,490.32
387,3577150091333880,117.27
388,3577150091333880,954.45
389,3577150091333880,102.46
390,3577150091333880,575.90
391,3577150091333880,140.98
392,3577150091333880,542.11
393,201987502675213,100.72
394,201987502675213,674.68
395,3577150091333880,620.62
396,3577150091333880,751.93
397,3577150091333880,414.25
398,3577150091333880,501.76
399,3577150091333880,705.79
400,201987502675213,586.31
401,201987502675213,648.63
402,201987502675213,240.76
403,3577150091333880,112.27
404,3577150091333880,868.22
405,201987502675213,505.04
406,3577150091333880,115.18
407,201987502675213,962.65
408,3577150091333880,392.82
409,3577150091333880,832.42
410,201987502675213,302.22
411,3577150091333880,189.80
412,201987502675213,911.73
413,201987502675213,213.42
414,3577150091333880,210.41
415,201987502675213,360.98
416,3577150091333880,527.10
417,3577150091333880,634.72
418,201987502675213,219.84
419,3577150091333880,681.80
420,3577150091333880,247.50
421,3577150091333880,382.40
422,201987502675213,584.20
423,3577150091333880,923.43
424,3577150091333880,702.86
425,3577150091333880,668.83
426,201987502675213,615.36
427,201987502675213,401.99
428,3577150091333880,205.96
429,3577150091333880,933.92
430,3577150091333880,678.98
431,201987502675213,888.07
432,201987502675213,841.20
433,3577150091333880,527.11
434,201987502675213,179.74
435,3577150091333880,797.91
436,3577150091333880,443.38
437,3577150091333880,126.45
438,3577150091333880,540.68
439,3577150091333880,140.27
440,3577150091333880,963.04
441,201987502675213,610.49
442,201987502675213,155.58
443,3577150091333880,220.13
444,3577150091333880,731.94
445,201987502675213,780.81
446,3577150091333880,316.31
447,3577150091333880,470.44
448,201987502675213,329.00
449,201987502675213,472.14
450,3577150091333880,634.73
451,201987502675213,754.50
452,201987502675213,632.61
453,3577150091333880,733.18
454,3577150091333880,962.51
455,201987502675213,372.37
456,201987502675213,244.67
457,201987502675213,271.81
458,3577150091333880,132.17
459,3577150091333880,413.90
460,3577150091333880,399.16
461,3577150091333880,119.99
462,3577150091333880,811.66
463,3577150091333880,841.75
464,3577150091333880,322.10
465,201987502675213,845.79
466,201987502675213,884.28
467,3577150091333880,234.11
468,3577150091333880,829.19
469,3577150091333880,291.80
470,201987502675213,951.93
471,3577150091333880,106.81
472,3577150091333880,777.79
473,201987502675213,916.29
474,201987502675213,710.56
475,201987502675213,178.25
476,3577150091333880,953.64
477,3577150091333880,806.76
478,201987502675213,878.55
479,3577150091333880,625.86
480,201987502675213,486.77
481,201987502675213,301.96
482,201987502675213,319.26
483,3577150091333880,402.64
484,3577150091333880,889.34
485,201987502675213,911.02
486,201987502675213,971.13
487,201987502675213,250.71
488,201987502675213,670.51
489,201987502675213,707.91
490,201987502675213,272.69
491,3577150091333880,860.60
492,201987502675213,284.41
493,3577150091333880,992.98
494,3577150091333880,400.34
495,201987502675213,288.38
496,201987502675213,623.57
497,201987502675213,284.92
498,201987502675213,418.94
499,201987502675213,775.16
500,201987502675213,218.27
501,201987502675213,279.08
502,3577150091333880,858.92
503,3577150091333880,915.30
504,201987502675213,229.18
505,201987502675213,586.58
506,201987502675213,757.16
507,3577150091333880,741.83
508,201987502675213,315.88
509,3577150091333880,740.08
510,201987502675213,491.33
511,3577150091333880,122.93
512,201987502675213,568.24
513,3577150091333880,437.40
514,201987502675213,416.90
515,3577150091333880,552.76
516,3577150091333880,235.33
517,3577150091333880,141.84
518,3577150091333880,927.40
519,201987502675213,994.80
520,201987502675213,751.51
521,201987502675213,264.27
522,201987502675213,207.17
523,3577150091333880,396.38
524,3577150091333880,641.55
525,3577150091333880,550.86
526,201987502675213,809.51
527,3577150091333880,809.92
528,3577150091333880,752.68
529,3577150091333880,869.82
530,3577150091333880,301.57
531,201987502675213,727.80
532,201987502675213,361.31
533,201987502675213,751.86
534,3577150091333880,276.66
535,3577150091333880,430.84
536,3577150091333880,394.87
537,201987502675213,625.90
538,201987502675213,163.86
539,3577150091333880,888.14
540,3577150091333880,314.02
541,201987502675213,805.30
542,201987502675213,428.45
543,201987502675213,147.41
544,3577150091333880,608.72
545,3577150091333880,526.09
546,3577150091333880,241.59
547,3577150091333880,922.99
548,3577150091333880,137.31
549,201987502675213,677.85
550,201987502675213,566.27
551,201987502675213,302.54
552,201987502675213,389.56
553,201987502675213,199.36
554,3577150091333880,956.33
555,201987502675213,124.81
556,201987502675213,888.56
557,3577150091333880,764.41
558,3577150091333880,513.76
559,3577150091333880,478.90
560,3577150091333880,106.23
561,201987502675213,990.35
562,3577150091333880,311.93
563,201987502675213,677.28
564,201987502675213,320.47
565,3577150091333880,682.31
566,201987502675213,564.40
567,3577150091333880,300.49
568,3577150091333880,929.89
569,3577150091333880,158.57
570,201987502675213,963.91
571,3577150091333880,675.65
572,201987502675213,732.56
573,201987502675213,222.82
574,3577150091333880,499.39
575,201987502675213,891.50
576,3577150091333880,522.90
577,201987502675213,426.34
578,3577150091333880,779.44
579,201987502675213,820.54
580,3577150091333880,829.34
581,201987502675213,682.79
582,201987502675213,912.09
583,201987502675213,954.55
584,3577150091333880,106.16
585,3577150091333880,611.21
586,201987502675213,216.34
587,201987502675213,918.99
588,3577150091333880,271.25
589,201987502675213,427.80
590,3577150091333880,306.76
591,3577150091333880,826.38
592,3577150091333880,217.96
593,3577150091333880,632.63
594,3577150091333880,284.95
595,3577150091333880,148.54
596,201987502675213,400.83
597,3577150091333880,316.14
598,201987502675213,133.79
599,3577150091333880,482.94
600,3577150091333880,371.96
601,201987502675213,563.91
602,3577150091333880,152.81
603,201987502675213,604.61
604,3577150091333880,376.80
605,3577150091333880,301.40
606,3577150091333880,270.25
607,3577150091333880,298.02
608,201987502675213,476.85
609,201987502675213,353.84
610,3577150091333880,694.52
611,201987502675213,210.72
612,201987502675213,428.29
613,3577150091333880,529.98
614,201987502675213,885.98
615,3577150091333880,674.18
616,3577150091333880,594.42
617,201987502675213,434.83
618,201987502675213,796.54
619,201987502675213,765.72
620,3577150091333880,590.61
621,3577150091333880,948.09
622,201987502675213,733.58
623,201987502675213,528.81
624,3577150091333880,425.97
625,3577150091333880,305.39
626,201987502675213,936.16
627,201987502675213,989.29
628,201987502675213,561.32
629,201987502675213,198.52
630,201987502675213,599.69
631,201987502675213,746.27
632,201987502675213,437.16
633,201987502675213,901.69
634,3577150091333880,478.38
635,3577150091333880,845.70
636,201987502675213,289.97
637,3577150091333880,778.42
638,3577150091333880,609.04
639,3577150091333880,149.52
640,3577150091333880,199.63
641,3577150091333880,978.49
642,3577150091333880,550.98
643,3577150091333880,198.89
644,201987502675213,736.89
645,201987502675213,474.31
646,201987502675213,802.34
647,201987502675213,743.68
648,3577150091333880,232.73
649,3577150091333880,615.78
650,201987502675213,628.90
651,3577150091333880,112.42
652,201987502675213,910.98
653,201987502675213,585.86
654,201987502675213,195.20
655,201987502675213,900.61
656,3577150091333880,984.01
657,201987502675213,613.46
658,3577150091333880,661.90
659,201987502675213,328.16
660,3577150091333880,323.07
661,3577150091333880,796.59
662,201987502675213,148.20
663,201987502675213,387.37
664,201987502675213,230.94
665,201987502675213,240.46
666,3577150091333880,775.84
667,201987502675213,909.57
668,201987502675213,334.29
669,201987502675213,610.57
670,201987502675213,762.79
671,201987502675213,831.77
672,3577150091333880,906.22
673,201987502675213,326.90
674,3577150091333880,275.18
675,3577150091333880,552.63
676,201987502675213,424.96
677,201987502675213,934.51
678,201987502675213,562.69
679,201987502675213,217.55
680,3577150091333880,740.44
681,201987502675213,225.88
682,3577150091333880,745.25
683,201987502675213,653.91
684,201987502675213,949.27
685,201987502675213,348.36
686,3577150091333880,222.94
687,201987502675213,916.22
688,3577150091333880,373.71
689,201987502675213,882.05
690,201987502675213,779.69
691,3577150091333880,975.75
692,201987502675213,414.84
693,3577150091333880,972.16
694,201987502675213,916.75
695,3577150091333880,388.82
696,3577150091333880,709.27
697,3577150091333880,880.36
698,3577150091333880,122.72
699,3577150091333880,888.18
700,201987502675213,400.73
701,3577150091333880,223.06
702,3577150091333880,806.64
703,201987502675213,318.06
704,3577150091333880,926.16
705,201987502675213,547.10
706,201987502675213,745.08
707,3577150091333880,316.93
708,3577150091333880,150.51
709,201987502675213,259.31
710,3577150091333880,137.75
711,3577150091333880,627.37
712,201987502675213,549.12
713,3577150091333880,785.04
714,3577150091333880,234.02
715,3577150091333880,392.54
716,3577150091333880,701.00
717,201987502675213,670.03
718,3577150091333880,307.82
719,201987502675213,214.08
720,201987502675213,414.53
721,3577150091333880,931.44
722,3577150091333880,459.32
723,201987502675213,470.23
724,3577150091333880,910.87
725,201987502675213,675.39
726,201987502675213,145.93
727,201987502675213,935.65
728,3577150091333880,326.47
729,3577150091333880,376.87
730,201987502675213,856.17
731,3577150091333880,436.92
732,201987502675213,457.46
733,3577150091333880,734.39
734,3577150091333880,344.41
735,201987502675213,462.03
736,3577150091333880,687.16
737,201987502675213,821.13
738,3577150091333880,173.41
739,3577150091333880,987.52
740,3577150091333880,451.32
741,3577150091333880,570.63
742,3577150091333880,527.31
743,3577150091333880,215.27
744,201987502675213,957.60
745,3577150091333880,778.07
746,3577150091333880,434.08
747,201987502675213,783.09
748,3577150091333880,283.57
749,201987502675213,660.98
750,3577150091333880,641.66
751,201987502675213,869.97
752,3577150091333880,764.19
753,201987502675213,583.79
754,3577150091333880,458.75
755,3577150091333880,246.25
756,3577150091333880,941.88
757,201987502675213,172.12
758,3577150091333880,901.58
759,201987502675213,625.06
760,201987502675213,144.39
761,201987502675213,559.06
762,201987502675213,747.34
763,3577150091333880,146.05
764,201987502675213,170.50
765,3577150091333880,968.36
766,3577150091333880,239.43
767,3577150091333880,524.77
768,3577150091333880,901.62
769,201987502675213,724.05
770,201987502675213,544.16
771,3577150091333880,971.25
772,201987502675213,516.22
773,3577150091333880,120.71
774,3577150091333880,880.14
775,3577150091333880,952.46
776,201987502675213,867.76
777,201987502675213,849.78
778,201987502675213,218.31
779,201987502675213,490.41
780,201987502675213,750.27
781,201987502675213,662.28
782,3577150091333880,120.64
783,201987502675213,156.07
784,201987502675213,645.76
785,3577150091333880,739.61
786,201987502675213,651.72
787,201987502675213,342.43
788,3577150091333880,268.56
789,201987502675213,494.88
790,201987502675213,771.82
791,3577150091333880,181.71
792,201987502675213,568.21
793,3577150091333880,500.12
794,201987502675213,192.42
795,201987502675213,228.21
796,201987502675213,417.70
797,3577150091333880,959.08
798,3577150091333880,221.12
799,201987502675213,139.24
800,3577150091333880,285.16
801,201987502675213,775.61
802,3577150091333880,595.79
803,201987502675213,964.47
804,3577150091333880,567.56
805,201987502675213,628.85
806,201987502675213,600.48
807,3577150091333880,721.84
808,3577150091333880,659.28
809,3577150091333880,361.65
810,3577150091333880,661.29
811,3577150091333880,693.30
812,201987502675213,274.56
813,3577150091333880,615.36
814,3577150091333880,768.55
815,3577150091333880,502.04
816,201987502675213,905.12
817,201987502675213,849.58
818,201987502675213,593.27
819,201987502675213,501.33
820,201987502675213,979.15
821,201987502675213,908.79
822,201987502675213,328.87
823,3577150091333880,184.66
824,201987502675213,892.70
825,201987502675213,793.86
826,3577150091333880,630.42
827,201987502675213,642.24
828,201987502675213,611.79
829,201987502675213,301.23
830,201987502675213,899.06
831,3577150091333880,374.14
832,201987502675213,171.30
833,3577150091333880,840.06
834,3577150091333880,983.28
835,201987502675213,895.60
836,3577150091333880,531.39
837,201987502675213,710.45
838,201987502675213,119.29
839,3577150091333880,473.47
840,3577150091333880,145.06
841,201987502675213,808.19
842,201987502675213,697.98
843,201987502675213,893.18
844,3577150091333880,522.52
845,3577150091333880,158.53
846,201987502675213,589.48
847,201987502675213,712.01
848,201987502675213,829.12
849,3577150091333880,579.14
850,3577150091333880,555.02
851,3577150091333880,116.42
852,201987502675213,444.36
853,201987502675213,974.24
854,201987502675213,102.23
855,201987502675213,838.34
856,3577150091333880,191.34
857,201987502675213,316.90
858,201987502675213,690.34
859,3577150091333880,337.33
860,3577150091333880,861.49
861,201987502675213,632.40
862,201987502675213,351.54
863,201987502675213,605.45
864,3577150091333880,133.76
865,201987502675213,303.82
866,3577150091333880,699.71
867,3577150091333880,689.65
868,3577150091333880,422.50
869,201987502675213,984.09
870,3577150091333880,900.93
871,201987502675213,331.16
872,201987502675213,241.86
873,201987502675213,930.33
874,201987502675213,783.82
875,3577150091333880,296.34
876,201987502675213,185.24
877,3577150091333880,961.19
878,201987502675213,297.92
879,3577150091333880,357.67
880,3577150091333880,893.80
881,3577150091333880,246.32
882,3577150091333880,467.53
883,201987502675213,431.75
884,3577150091333880,563.90
885,201987502675213,293.30
886,3577150091333880,632.65
887,3577150091333880,864.60
888,201987502675213,725.78
889,201987502675213,832.28
890,3577150091333880,642.83
891,201987502675213,687.88
892,201987502675213,335.91
893,201987502675213,266.87
894,3577150091333880,600.34
895,3577150091333880,656.30
896,3577150091333880,615.30
897,3577150091333880,423.51
898,201987502675213,821.07
899,3577150091333880,587.50
900,3577150091333880,712.00
901,201987502675213,128.66
902,3577150091333880,833.52
903,3577150091333880,218.11
904,3577150091333880,248.61
905,201987502675213,724.87
906,3577150091333880,293.39
907,201987502675213,780.09
908,3577150091333880,973.93
909,3577150091333880,236.66
910,3577150091333880,589.96
911,201987502675213,474.92
912,201987502675213,529.69
913,3577150091333880,567.70
914,201987502675213,870.27
915,3577150091333880,367.49
916,201987502675213,742.49
917,3577150091333880,825.39
918,3577150091333880,484.68
919,3577150091333880,892.70
920,201987502675213,966.07
921,201987502675213,659.74
922,3577150091333880,450.05
923,201987502675213,742.74
924,201987502675213,453.19
925,201987502675213,509.05
926,3577150091333880,650.25
927,3577150091333880,593.32
928,3577150091333880,903.08
929,3577150091333880,480.02
930,3577150091333880,171.74
931,3577150091333880,553.40
932,201987502675213,821.92
933,3577150091333880,612.03
934,201987502675213,751.22
935,3577150091333880,900.80
936,3577150091333880,914.75
937,3577150091333880,387.90
938,3577150091333880,475.65
939,201987502675213,455.36
940,201987502675213,853.38
941,3577150091333880,127.21
942,201987502675213,649.75
943,201987502675213,884.95
944,3577150091333880,838.42
945,3577150091333880,298.27
946,3577150091333880,642.80
947,3577150091333880,750.72
948,201987502675213,954.58
949,3577150091333880,438.64
950,201987502675213,520.19
951,3577150091333880,703.67
952,3577150091333880,534.12
953,3577150091333880,845.41
954,201987502675213,142.18
955,3577150091333880,658.22
956,201987502675213,588.78
957,3577150091333880,731.21
958,201987502675213,686.05
959,3577150091333880,870.63
960,201987502675213,701.60
961,201987502675213,823.19
962,3577150091333880,191.49
963,3577150091333880,882.27
964,201987502675213,121.24
965,201987502675213,515.61
966,3577150091333880,784.72
967,201987502675213,697.53
968,201987502675213,994.39
969,3577150091333880,255.55
970,201987502675213,407.33
971,201987502675213,529.14
972,3577150091333880,233.21
973,3577150091333880,290.66
974,201987502675213,581.68
975,3577150091333880,560.08
976,201987502675213,460.05
977,3577150091333880,554.17
978,3577150091333880,108.92
979,201987502675213,311.43
980,3577150091333880,640.52
981,3577150091333880,320.29
982,201987502675213,420.68
983,201987502675213,399.64
984,201987502675213,209.39
985,201987502675213,167.21
986,3577150091333880,122.87
987,3577150091333880,581.56
988,3577150091333880,625.16
989,201987502675213,559.22
990,201987502675213,400.77
991,201987502675213,289.43
992,3577150091333880,484.39
993,201987502675213,400.34
994,201987502675213,954.12
995,201987502675213,435.21
996,201987502675213,569.98
997,201987502675213,880.82
998,201987502675213,825.96
999,3577150091333880,261.73
1000,201987502675213,495.78
